what,kind,bundleId,bundleVersion,description,time
error,log,,,"/home/jason/workspace/TripShare/.metadata/.plugins/org.eclipse.core.resources/.projects/mtgtrade2/com.python.pydev.analysis/indexcache/mtgtrade2.mtgtrade2.mtgtrade2.mtgtrade2.mtgtrade2.mtgtrade2.mtgtrade2.mtgtrade2.mtgtrade2.mtgtrade2.mtgtrade2.mtgtrade2.mtgtrade2.mtgtrade2.mtgtrade2.mtgtrade2.mtgtrade2.mtgtrade2.mtgtrade2.mtgtrade2.mtgtrade2.mtgtrade2.mtgtrade2.mtgtrade2.mtgtrade2.mtgtrade2.mtgtrade2.mtgtrade2.mtgtrade2.mtgtrade2.mtgtrade2.mtgtrade2.mtgtrade2.mtgtrade2.mtgtrade2.mtgtrade2.mtgtrade2.mtgtrade2.PaymentMethod.paypal.exceptions.indexcache (File name too long)",1352749810072
error,log,,,"/home/jason/workspace/TripShare/.metadata/.plugins/org.eclipse.core.resources/.projects/mtgtrade2/com.python.pydev.analysis/indexcache/mtgtrade2.mtgtrade2.mtgtrade2.mtgtrade2.mtgtrade2.mtgtrade2.mtgtrade2.mtgtrade2.mtgtrade2.mtgtrade2.mtgtrade2.mtgtrade2.mtgtrade2.mtgtrade2.mtgtrade2.mtgtrade2.mtgtrade2.mtgtrade2.mtgtrade2.mtgtrade2.mtgtrade2.mtgtrade2.mtgtrade2.mtgtrade2.mtgtrade2.mtgtrade2.mtgtrade2.mtgtrade2.mtgtrade2.mtgtrade2.mtgtrade2.mtgtrade2.mtgtrade2.mtgtrade2.mtgtrade2.mtgtrade2.mtgtrade2.mtgtrade2.PaymentMethod.paypal.https_connection.indexcache (File name too long)",1352749810075
error,log,,,"/home/jason/workspace/TripShare/.metadata/.plugins/org.eclipse.core.resources/.projects/mtgtrade2/com.python.pydev.analysis/indexcache/mtgtrade2.mtgtrade2.mtgtrade2.mtgtrade2.mtgtrade2.mtgtrade2.mtgtrade2.mtgtrade2.mtgtrade2.mtgtrade2.mtgtrade2.mtgtrade2.mtgtrade2.mtgtrade2.mtgtrade2.mtgtrade2.mtgtrade2.mtgtrade2.mtgtrade2.mtgtrade2.mtgtrade2.mtgtrade2.mtgtrade2.mtgtrade2.mtgtrade2.mtgtrade2.mtgtrade2.mtgtrade2.mtgtrade2.mtgtrade2.mtgtrade2.mtgtrade2.mtgtrade2.mtgtrade2.mtgtrade2.mtgtrade2.mtgtrade2.mtgtrade2.PaymentMethod.paypal.interface.indexcache (File name too long)",1352749810078
error,log,,,"/home/jason/workspace/TripShare/.metadata/.plugins/org.eclipse.core.resources/.projects/mtgtrade2/com.python.pydev.analysis/indexcache/mtgtrade2.mtgtrade2.mtgtrade2.mtgtrade2.mtgtrade2.mtgtrade2.mtgtrade2.mtgtrade2.mtgtrade2.mtgtrade2.mtgtrade2.mtgtrade2.mtgtrade2.mtgtrade2.mtgtrade2.mtgtrade2.mtgtrade2.mtgtrade2.mtgtrade2.mtgtrade2.mtgtrade2.mtgtrade2.mtgtrade2.mtgtrade2.mtgtrade2.mtgtrade2.mtgtrade2.mtgtrade2.mtgtrade2.mtgtrade2.mtgtrade2.mtgtrade2.mtgtrade2.mtgtrade2.mtgtrade2.mtgtrade2.mtgtrade2.mtgtrade2.PaymentMethod.paypal.pay.indexcache (File name too long)",1352749810080
error,log,,,"/home/jason/workspace/TripShare/.metadata/.plugins/org.eclipse.core.resources/.projects/mtgtrade2/com.python.pydev.analysis/indexcache/mtgtrade2.mtgtrade2.mtgtrade2.mtgtrade2.mtgtrade2.mtgtrade2.mtgtrade2.mtgtrade2.mtgtrade2.mtgtrade2.mtgtrade2.mtgtrade2.mtgtrade2.mtgtrade2.mtgtrade2.mtgtrade2.mtgtrade2.mtgtrade2.mtgtrade2.mtgtrade2.mtgtrade2.mtgtrade2.mtgtrade2.mtgtrade2.mtgtrade2.mtgtrade2.mtgtrade2.mtgtrade2.mtgtrade2.mtgtrade2.mtgtrade2.mtgtrade2.mtgtrade2.mtgtrade2.mtgtrade2.mtgtrade2.mtgtrade2.mtgtrade2.PaymentMethod.paypal.response.indexcache (File name too long)",1352749810083
error,log,,,"/home/jason/workspace/TripShare/.metadata/.plugins/org.eclipse.core.resources/.projects/mtgtrade2/com.python.pydev.analysis/indexcache/mtgtrade2.mtgtrade2.mtgtrade2.mtgtrade2.mtgtrade2.mtgtrade2.mtgtrade2.mtgtrade2.mtgtrade2.mtgtrade2.mtgtrade2.mtgtrade2.mtgtrade2.mtgtrade2.mtgtrade2.mtgtrade2.mtgtrade2.mtgtrade2.mtgtrade2.mtgtrade2.mtgtrade2.mtgtrade2.mtgtrade2.mtgtrade2.mtgtrade2.mtgtrade2.mtgtrade2.mtgtrade2.mtgtrade2.mtgtrade2.mtgtrade2.mtgtrade2.mtgtrade2.mtgtrade2.mtgtrade2.mtgtrade2.mtgtrade2.mtgtrade2.PaymentMethod.paypal.settings.indexcache (File name too long)",1352749810085
error,log,,,"/home/jason/workspace/TripShare/.metadata/.plugins/org.eclipse.core.resources/.projects/mtgtrade2/com.python.pydev.analysis/indexcache/mtgtrade2.mtgtrade2.mtgtrade2.mtgtrade2.mtgtrade2.mtgtrade2.mtgtrade2.mtgtrade2.mtgtrade2.mtgtrade2.mtgtrade2.mtgtrade2.mtgtrade2.mtgtrade2.mtgtrade2.mtgtrade2.mtgtrade2.mtgtrade2.mtgtrade2.mtgtrade2.mtgtrade2.mtgtrade2.mtgtrade2.mtgtrade2.mtgtrade2.mtgtrade2.mtgtrade2.mtgtrade2.mtgtrade2.mtgtrade2.mtgtrade2.mtgtrade2.mtgtrade2.mtgtrade2.mtgtrade2.mtgtrade2.mtgtrade2.mtgtrade2.Search.SearchHandler.indexcache (File name too long)",1352749810088
error,log,,,"/home/jason/workspace/TripShare/.metadata/.plugins/org.eclipse.core.resources/.projects/mtgtrade2/com.python.pydev.analysis/indexcache/mtgtrade2.mtgtrade2.mtgtrade2.mtgtrade2.mtgtrade2.mtgtrade2.mtgtrade2.mtgtrade2.mtgtrade2.mtgtrade2.mtgtrade2.mtgtrade2.mtgtrade2.mtgtrade2.mtgtrade2.mtgtrade2.mtgtrade2.mtgtrade2.mtgtrade2.mtgtrade2.mtgtrade2.mtgtrade2.mtgtrade2.mtgtrade2.mtgtrade2.mtgtrade2.mtgtrade2.mtgtrade2.mtgtrade2.mtgtrade2.mtgtrade2.mtgtrade2.mtgtrade2.mtgtrade2.mtgtrade2.mtgtrade2.mtgtrade2.mtgtrade2.Search.__init__.indexcache (File name too long)",1352749810089
error,log,,,"/home/jason/workspace/TripShare/.metadata/.plugins/org.eclipse.core.resources/.projects/mtgtrade2/com.python.pydev.analysis/indexcache/mtgtrade2.mtgtrade2.mtgtrade2.mtgtrade2.mtgtrade2.mtgtrade2.mtgtrade2.mtgtrade2.mtgtrade2.mtgtrade2.mtgtrade2.mtgtrade2.mtgtrade2.mtgtrade2.mtgtrade2.mtgtrade2.mtgtrade2.mtgtrade2.mtgtrade2.mtgtrade2.mtgtrade2.mtgtrade2.mtgtrade2.mtgtrade2.mtgtrade2.mtgtrade2.mtgtrade2.mtgtrade2.mtgtrade2.mtgtrade2.mtgtrade2.mtgtrade2.mtgtrade2.mtgtrade2.mtgtrade2.mtgtrade2.mtgtrade2.mtgtrade2.Sites.SiteHandler.indexcache (File name too long)",1352749810093
error,log,,,"/home/jason/workspace/TripShare/.metadata/.plugins/org.eclipse.core.resources/.projects/mtgtrade2/com.python.pydev.analysis/indexcache/mtgtrade2.mtgtrade2.mtgtrade2.mtgtrade2.mtgtrade2.mtgtrade2.mtgtrade2.mtgtrade2.mtgtrade2.mtgtrade2.mtgtrade2.mtgtrade2.mtgtrade2.mtgtrade2.mtgtrade2.mtgtrade2.mtgtrade2.mtgtrade2.mtgtrade2.mtgtrade2.mtgtrade2.mtgtrade2.mtgtrade2.mtgtrade2.mtgtrade2.mtgtrade2.mtgtrade2.mtgtrade2.mtgtrade2.mtgtrade2.mtgtrade2.mtgtrade2.mtgtrade2.mtgtrade2.mtgtrade2.mtgtrade2.mtgtrade2.mtgtrade2.Sites.__init__.indexcache (File name too long)",1352749810095
error,log,,,"/home/jason/workspace/TripShare/.metadata/.plugins/org.eclipse.core.resources/.projects/mtgtrade2/com.python.pydev.analysis/indexcache/mtgtrade2.mtgtrade2.mtgtrade2.mtgtrade2.mtgtrade2.mtgtrade2.mtgtrade2.mtgtrade2.mtgtrade2.mtgtrade2.mtgtrade2.mtgtrade2.mtgtrade2.mtgtrade2.mtgtrade2.mtgtrade2.mtgtrade2.mtgtrade2.mtgtrade2.mtgtrade2.mtgtrade2.mtgtrade2.mtgtrade2.mtgtrade2.mtgtrade2.mtgtrade2.mtgtrade2.mtgtrade2.mtgtrade2.mtgtrade2.mtgtrade2.mtgtrade2.mtgtrade2.mtgtrade2.mtgtrade2.mtgtrade2.mtgtrade2.mtgtrade2.Social.SocialHandler.indexcache (File name too long)",1352749810097
error,log,,,"/home/jason/workspace/TripShare/.metadata/.plugins/org.eclipse.core.resources/.projects/mtgtrade2/com.python.pydev.analysis/indexcache/mtgtrade2.mtgtrade2.mtgtrade2.mtgtrade2.mtgtrade2.mtgtrade2.mtgtrade2.mtgtrade2.mtgtrade2.mtgtrade2.mtgtrade2.mtgtrade2.mtgtrade2.mtgtrade2.mtgtrade2.mtgtrade2.mtgtrade2.mtgtrade2.mtgtrade2.mtgtrade2.mtgtrade2.mtgtrade2.mtgtrade2.mtgtrade2.mtgtrade2.mtgtrade2.mtgtrade2.mtgtrade2.mtgtrade2.mtgtrade2.mtgtrade2.mtgtrade2.mtgtrade2.mtgtrade2.mtgtrade2.mtgtrade2.mtgtrade2.mtgtrade2.Social.__init__.indexcache (File name too long)",1352749810098
error,log,,,"/home/jason/workspace/TripShare/.metadata/.plugins/org.eclipse.core.resources/.projects/mtgtrade2/com.python.pydev.analysis/indexcache/mtgtrade2.mtgtrade2.mtgtrade2.mtgtrade2.mtgtrade2.mtgtrade2.mtgtrade2.mtgtrade2.mtgtrade2.mtgtrade2.mtgtrade2.mtgtrade2.mtgtrade2.mtgtrade2.mtgtrade2.mtgtrade2.mtgtrade2.mtgtrade2.mtgtrade2.mtgtrade2.mtgtrade2.mtgtrade2.mtgtrade2.mtgtrade2.mtgtrade2.mtgtrade2.mtgtrade2.mtgtrade2.mtgtrade2.mtgtrade2.mtgtrade2.mtgtrade2.mtgtrade2.mtgtrade2.mtgtrade2.mtgtrade2.mtgtrade2.mtgtrade2.Utility.DateProcessor.indexcache (File name too long)",1352749810136
error,log,,,"/home/jason/workspace/TripShare/.metadata/.plugins/org.eclipse.core.resources/.projects/mtgtrade2/com.python.pydev.analysis/indexcache/mtgtrade2.mtgtrade2.mtgtrade2.mtgtrade2.mtgtrade2.mtgtrade2.mtgtrade2.mtgtrade2.mtgtrade2.mtgtrade2.mtgtrade2.mtgtrade2.mtgtrade2.mtgtrade2.mtgtrade2.mtgtrade2.mtgtrade2.mtgtrade2.mtgtrade2.mtgtrade2.mtgtrade2.mtgtrade2.mtgtrade2.mtgtrade2.mtgtrade2.mtgtrade2.mtgtrade2.mtgtrade2.mtgtrade2.mtgtrade2.mtgtrade2.mtgtrade2.mtgtrade2.mtgtrade2.mtgtrade2.mtgtrade2.mtgtrade2.mtgtrade2.Utility.__init__.indexcache (File name too long)",1352749810137
error,log,,,"/home/jason/workspace/TripShare/.metadata/.plugins/org.eclipse.core.resources/.projects/mtgtrade2/com.python.pydev.analysis/indexcache/mtgtrade2.mtgtrade2.mtgtrade2.mtgtrade2.mtgtrade2.mtgtrade2.mtgtrade2.mtgtrade2.mtgtrade2.mtgtrade2.mtgtrade2.mtgtrade2.mtgtrade2.mtgtrade2.mtgtrade2.mtgtrade2.mtgtrade2.mtgtrade2.mtgtrade2.mtgtrade2.mtgtrade2.mtgtrade2.mtgtrade2.mtgtrade2.mtgtrade2.mtgtrade2.mtgtrade2.mtgtrade2.mtgtrade2.mtgtrade2.mtgtrade2.mtgtrade2.mtgtrade2.mtgtrade2.mtgtrade2.mtgtrade2.mtgtrade2.mtgtrade2.__init__.indexcache (File name too long)",1352749810139
error,log,,,"/home/jason/workspace/TripShare/.metadata/.plugins/org.eclipse.core.resources/.projects/mtgtrade2/com.python.pydev.analysis/indexcache/mtgtrade2.mtgtrade2.mtgtrade2.mtgtrade2.mtgtrade2.mtgtrade2.mtgtrade2.mtgtrade2.mtgtrade2.mtgtrade2.mtgtrade2.mtgtrade2.mtgtrade2.mtgtrade2.mtgtrade2.mtgtrade2.mtgtrade2.mtgtrade2.mtgtrade2.mtgtrade2.mtgtrade2.mtgtrade2.mtgtrade2.mtgtrade2.mtgtrade2.mtgtrade2.mtgtrade2.mtgtrade2.mtgtrade2.mtgtrade2.mtgtrade2.mtgtrade2.mtgtrade2.mtgtrade2.mtgtrade2.mtgtrade2.mtgtrade2.mtgtrade2.mainpage.indexcache (File name too long)",1352749810143
error,log,,,"/home/jason/workspace/TripShare/.metadata/.plugins/org.eclipse.core.resources/.projects/mtgtrade2/com.python.pydev.analysis/indexcache/mtgtrade2.mtgtrade2.mtgtrade2.mtgtrade2.mtgtrade2.mtgtrade2.mtgtrade2.mtgtrade2.mtgtrade2.mtgtrade2.mtgtrade2.mtgtrade2.mtgtrade2.mtgtrade2.mtgtrade2.mtgtrade2.mtgtrade2.mtgtrade2.mtgtrade2.mtgtrade2.mtgtrade2.mtgtrade2.mtgtrade2.mtgtrade2.mtgtrade2.mtgtrade2.mtgtrade2.mtgtrade2.mtgtrade2.mtgtrade2.mtgtrade2.mtgtrade2.mtgtrade2.mtgtrade2.mtgtrade2.mtgtrade2.mtgtrade2.mtgtrade2.pyfpdf.__init__.indexcache (File name too long)",1352749810146
error,log,,,"/home/jason/workspace/TripShare/.metadata/.plugins/org.eclipse.core.resources/.projects/mtgtrade2/com.python.pydev.analysis/indexcache/mtgtrade2.mtgtrade2.mtgtrade2.mtgtrade2.mtgtrade2.mtgtrade2.mtgtrade2.mtgtrade2.mtgtrade2.mtgtrade2.mtgtrade2.mtgtrade2.mtgtrade2.mtgtrade2.mtgtrade2.mtgtrade2.mtgtrade2.mtgtrade2.mtgtrade2.mtgtrade2.mtgtrade2.mtgtrade2.mtgtrade2.mtgtrade2.mtgtrade2.mtgtrade2.mtgtrade2.mtgtrade2.mtgtrade2.mtgtrade2.mtgtrade2.mtgtrade2.mtgtrade2.mtgtrade2.mtgtrade2.mtgtrade2.mtgtrade2.mtgtrade2.pyfpdf.examples.__init__.indexcache (File name too long)",1352749810148
error,log,,,"/home/jason/workspace/TripShare/.metadata/.plugins/org.eclipse.core.resources/.projects/mtgtrade2/com.python.pydev.analysis/indexcache/mtgtrade2.mtgtrade2.mtgtrade2.mtgtrade2.mtgtrade2.mtgtrade2.mtgtrade2.mtgtrade2.mtgtrade2.mtgtrade2.mtgtrade2.mtgtrade2.mtgtrade2.mtgtrade2.mtgtrade2.mtgtrade2.mtgtrade2.mtgtrade2.mtgtrade2.mtgtrade2.mtgtrade2.mtgtrade2.mtgtrade2.mtgtrade2.mtgtrade2.mtgtrade2.mtgtrade2.mtgtrade2.mtgtrade2.mtgtrade2.mtgtrade2.mtgtrade2.mtgtrade2.mtgtrade2.mtgtrade2.mtgtrade2.mtgtrade2.mtgtrade2.pyfpdf.examples.form.indexcache (File name too long)",1352749810154
error,log,,,"/home/jason/workspace/TripShare/.metadata/.plugins/org.eclipse.core.resources/.projects/mtgtrade2/com.python.pydev.analysis/indexcache/mtgtrade2.mtgtrade2.mtgtrade2.mtgtrade2.mtgtrade2.mtgtrade2.mtgtrade2.mtgtrade2.mtgtrade2.mtgtrade2.mtgtrade2.mtgtrade2.mtgtrade2.mtgtrade2.mtgtrade2.mtgtrade2.mtgtrade2.mtgtrade2.mtgtrade2.mtgtrade2.mtgtrade2.mtgtrade2.mtgtrade2.mtgtrade2.mtgtrade2.mtgtrade2.mtgtrade2.mtgtrade2.mtgtrade2.mtgtrade2.mtgtrade2.mtgtrade2.mtgtrade2.mtgtrade2.mtgtrade2.mtgtrade2.mtgtrade2.mtgtrade2.pyfpdf.fpdf.indexcache (File name too long)",1352749810162
error,log,,,"/home/jason/workspace/TripShare/.metadata/.plugins/org.eclipse.core.resources/.projects/mtgtrade2/com.python.pydev.analysis/indexcache/mtgtrade2.mtgtrade2.mtgtrade2.mtgtrade2.mtgtrade2.mtgtrade2.mtgtrade2.mtgtrade2.mtgtrade2.mtgtrade2.mtgtrade2.mtgtrade2.mtgtrade2.mtgtrade2.mtgtrade2.mtgtrade2.mtgtrade2.mtgtrade2.mtgtrade2.mtgtrade2.mtgtrade2.mtgtrade2.mtgtrade2.mtgtrade2.mtgtrade2.mtgtrade2.mtgtrade2.mtgtrade2.mtgtrade2.mtgtrade2.mtgtrade2.mtgtrade2.mtgtrade2.mtgtrade2.mtgtrade2.mtgtrade2.mtgtrade2.mtgtrade2.pyfpdf.html.indexcache (File name too long)",1352749810164
error,log,,,"/home/jason/workspace/TripShare/.metadata/.plugins/org.eclipse.core.resources/.projects/mtgtrade2/com.python.pydev.analysis/indexcache/mtgtrade2.mtgtrade2.mtgtrade2.mtgtrade2.mtgtrade2.mtgtrade2.mtgtrade2.mtgtrade2.mtgtrade2.mtgtrade2.mtgtrade2.mtgtrade2.mtgtrade2.mtgtrade2.mtgtrade2.mtgtrade2.mtgtrade2.mtgtrade2.mtgtrade2.mtgtrade2.mtgtrade2.mtgtrade2.mtgtrade2.mtgtrade2.mtgtrade2.mtgtrade2.mtgtrade2.mtgtrade2.mtgtrade2.mtgtrade2.mtgtrade2.mtgtrade2.mtgtrade2.mtgtrade2.mtgtrade2.mtgtrade2.mtgtrade2.mtgtrade2.pyfpdf.template.indexcache (File name too long)",1352749810167
error,log,,,"/home/jason/workspace/TripShare/.metadata/.plugins/org.eclipse.core.resources/.projects/mtgtrade2/com.python.pydev.analysis/indexcache/mtgtrade2.mtgtrade2.mtgtrade2.mtgtrade2.mtgtrade2.mtgtrade2.mtgtrade2.mtgtrade2.mtgtrade2.mtgtrade2.mtgtrade2.mtgtrade2.mtgtrade2.mtgtrade2.mtgtrade2.mtgtrade2.mtgtrade2.mtgtrade2.mtgtrade2.mtgtrade2.mtgtrade2.mtgtrade2.mtgtrade2.mtgtrade2.mtgtrade2.mtgtrade2.mtgtrade2.mtgtrade2.mtgtrade2.mtgtrade2.mtgtrade2.mtgtrade2.mtgtrade2.mtgtrade2.mtgtrade2.mtgtrade2.mtgtrade2.pyfpdf.__init__.indexcache (File name too long)",1352749810169
error,log,,,"/home/jason/workspace/TripShare/.metadata/.plugins/org.eclipse.core.resources/.projects/mtgtrade2/com.python.pydev.analysis/indexcache/mtgtrade2.mtgtrade2.mtgtrade2.mtgtrade2.mtgtrade2.mtgtrade2.mtgtrade2.mtgtrade2.mtgtrade2.mtgtrade2.mtgtrade2.mtgtrade2.mtgtrade2.mtgtrade2.mtgtrade2.mtgtrade2.mtgtrade2.mtgtrade2.mtgtrade2.mtgtrade2.mtgtrade2.mtgtrade2.mtgtrade2.mtgtrade2.mtgtrade2.mtgtrade2.mtgtrade2.mtgtrade2.mtgtrade2.mtgtrade2.mtgtrade2.mtgtrade2.mtgtrade2.mtgtrade2.mtgtrade2.mtgtrade2.mtgtrade2.pyfpdf.examples.__init__.indexcache (File name too long)",1352749810171
error,log,,,"/home/jason/workspace/TripShare/.metadata/.plugins/org.eclipse.core.resources/.projects/mtgtrade2/com.python.pydev.analysis/indexcache/mtgtrade2.mtgtrade2.mtgtrade2.mtgtrade2.mtgtrade2.mtgtrade2.mtgtrade2.mtgtrade2.mtgtrade2.mtgtrade2.mtgtrade2.mtgtrade2.mtgtrade2.mtgtrade2.mtgtrade2.mtgtrade2.mtgtrade2.mtgtrade2.mtgtrade2.mtgtrade2.mtgtrade2.mtgtrade2.mtgtrade2.mtgtrade2.mtgtrade2.mtgtrade2.mtgtrade2.mtgtrade2.mtgtrade2.mtgtrade2.mtgtrade2.mtgtrade2.mtgtrade2.mtgtrade2.mtgtrade2.mtgtrade2.mtgtrade2.pyfpdf.examples.form.indexcache (File name too long)",1352749810172
error,log,,,"/home/jason/workspace/TripShare/.metadata/.plugins/org.eclipse.core.resources/.projects/mtgtrade2/com.python.pydev.analysis/indexcache/mtgtrade2.mtgtrade2.mtgtrade2.mtgtrade2.mtgtrade2.mtgtrade2.mtgtrade2.mtgtrade2.mtgtrade2.mtgtrade2.mtgtrade2.mtgtrade2.mtgtrade2.mtgtrade2.mtgtrade2.mtgtrade2.mtgtrade2.mtgtrade2.mtgtrade2.mtgtrade2.mtgtrade2.mtgtrade2.mtgtrade2.mtgtrade2.mtgtrade2.mtgtrade2.mtgtrade2.mtgtrade2.mtgtrade2.mtgtrade2.mtgtrade2.mtgtrade2.mtgtrade2.mtgtrade2.mtgtrade2.mtgtrade2.mtgtrade2.pyfpdf.fpdf.indexcache (File name too long)",1352749810177
error,log,,,"/home/jason/workspace/TripShare/.metadata/.plugins/org.eclipse.core.resources/.projects/mtgtrade2/com.python.pydev.analysis/indexcache/mtgtrade2.mtgtrade2.mtgtrade2.mtgtrade2.mtgtrade2.mtgtrade2.mtgtrade2.mtgtrade2.mtgtrade2.mtgtrade2.mtgtrade2.mtgtrade2.mtgtrade2.mtgtrade2.mtgtrade2.mtgtrade2.mtgtrade2.mtgtrade2.mtgtrade2.mtgtrade2.mtgtrade2.mtgtrade2.mtgtrade2.mtgtrade2.mtgtrade2.mtgtrade2.mtgtrade2.mtgtrade2.mtgtrade2.mtgtrade2.mtgtrade2.mtgtrade2.mtgtrade2.mtgtrade2.mtgtrade2.mtgtrade2.mtgtrade2.pyfpdf.html.indexcache (File name too long)",1352749810179
error,log,,,"/home/jason/workspace/TripShare/.metadata/.plugins/org.eclipse.core.resources/.projects/mtgtrade2/com.python.pydev.analysis/indexcache/mtgtrade2.mtgtrade2.mtgtrade2.mtgtrade2.mtgtrade2.mtgtrade2.mtgtrade2.mtgtrade2.mtgtrade2.mtgtrade2.mtgtrade2.mtgtrade2.mtgtrade2.mtgtrade2.mtgtrade2.mtgtrade2.mtgtrade2.mtgtrade2.mtgtrade2.mtgtrade2.mtgtrade2.mtgtrade2.mtgtrade2.mtgtrade2.mtgtrade2.mtgtrade2.mtgtrade2.mtgtrade2.mtgtrade2.mtgtrade2.mtgtrade2.mtgtrade2.mtgtrade2.mtgtrade2.mtgtrade2.mtgtrade2.mtgtrade2.pyfpdf.template.indexcache (File name too long)",1352749810180
error,log,,,"/home/jason/workspace/TripShare/.metadata/.plugins/org.eclipse.core.resources/.projects/mtgtrade2/com.python.pydev.analysis/indexcache/mtgtrade2.mtgtrade2.mtgtrade2.mtgtrade2.mtgtrade2.mtgtrade2.mtgtrade2.mtgtrade2.mtgtrade2.mtgtrade2.mtgtrade2.mtgtrade2.mtgtrade2.mtgtrade2.mtgtrade2.mtgtrade2.mtgtrade2.mtgtrade2.mtgtrade2.mtgtrade2.mtgtrade2.mtgtrade2.mtgtrade2.mtgtrade2.mtgtrade2.mtgtrade2.mtgtrade2.mtgtrade2.mtgtrade2.mtgtrade2.mtgtrade2.mtgtrade2.mtgtrade2.mtgtrade2.mtgtrade2.mtgtrade2.pyfpdf.__init__.indexcache (File name too long)",1352749810208
error,log,,,"/home/jason/workspace/TripShare/.metadata/.plugins/org.eclipse.core.resources/.projects/mtgtrade2/com.python.pydev.analysis/indexcache/mtgtrade2.mtgtrade2.mtgtrade2.mtgtrade2.mtgtrade2.mtgtrade2.mtgtrade2.mtgtrade2.mtgtrade2.mtgtrade2.mtgtrade2.mtgtrade2.mtgtrade2.mtgtrade2.mtgtrade2.mtgtrade2.mtgtrade2.mtgtrade2.mtgtrade2.mtgtrade2.mtgtrade2.mtgtrade2.mtgtrade2.mtgtrade2.mtgtrade2.mtgtrade2.mtgtrade2.mtgtrade2.mtgtrade2.mtgtrade2.mtgtrade2.mtgtrade2.mtgtrade2.mtgtrade2.mtgtrade2.mtgtrade2.pyfpdf.examples.__init__.indexcache (File name too long)",1352749810210
error,log,,,"/home/jason/workspace/TripShare/.metadata/.plugins/org.eclipse.core.resources/.projects/mtgtrade2/com.python.pydev.analysis/indexcache/mtgtrade2.mtgtrade2.mtgtrade2.mtgtrade2.mtgtrade2.mtgtrade2.mtgtrade2.mtgtrade2.mtgtrade2.mtgtrade2.mtgtrade2.mtgtrade2.mtgtrade2.mtgtrade2.mtgtrade2.mtgtrade2.mtgtrade2.mtgtrade2.mtgtrade2.mtgtrade2.mtgtrade2.mtgtrade2.mtgtrade2.mtgtrade2.mtgtrade2.mtgtrade2.mtgtrade2.mtgtrade2.mtgtrade2.mtgtrade2.mtgtrade2.mtgtrade2.mtgtrade2.mtgtrade2.mtgtrade2.mtgtrade2.pyfpdf.examples.form.indexcache (File name too long)",1352749810215
error,log,,,"/home/jason/workspace/TripShare/.metadata/.plugins/org.eclipse.core.resources/.projects/mtgtrade2/com.python.pydev.analysis/indexcache/mtgtrade2.mtgtrade2.mtgtrade2.mtgtrade2.mtgtrade2.mtgtrade2.mtgtrade2.mtgtrade2.mtgtrade2.mtgtrade2.mtgtrade2.mtgtrade2.mtgtrade2.mtgtrade2.mtgtrade2.mtgtrade2.mtgtrade2.mtgtrade2.mtgtrade2.mtgtrade2.mtgtrade2.mtgtrade2.mtgtrade2.mtgtrade2.mtgtrade2.mtgtrade2.mtgtrade2.mtgtrade2.mtgtrade2.mtgtrade2.mtgtrade2.mtgtrade2.mtgtrade2.mtgtrade2.mtgtrade2.mtgtrade2.pyfpdf.fpdf.indexcache (File name too long)",1352749810222
error,log,,,"/home/jason/workspace/TripShare/.metadata/.plugins/org.eclipse.core.resources/.projects/mtgtrade2/com.python.pydev.analysis/indexcache/mtgtrade2.mtgtrade2.mtgtrade2.mtgtrade2.mtgtrade2.mtgtrade2.mtgtrade2.mtgtrade2.mtgtrade2.mtgtrade2.mtgtrade2.mtgtrade2.mtgtrade2.mtgtrade2.mtgtrade2.mtgtrade2.mtgtrade2.mtgtrade2.mtgtrade2.mtgtrade2.mtgtrade2.mtgtrade2.mtgtrade2.mtgtrade2.mtgtrade2.mtgtrade2.mtgtrade2.mtgtrade2.mtgtrade2.mtgtrade2.mtgtrade2.mtgtrade2.mtgtrade2.mtgtrade2.mtgtrade2.mtgtrade2.pyfpdf.html.indexcache (File name too long)",1352749810225
error,log,,,"/home/jason/workspace/TripShare/.metadata/.plugins/org.eclipse.core.resources/.projects/mtgtrade2/com.python.pydev.analysis/indexcache/mtgtrade2.mtgtrade2.mtgtrade2.mtgtrade2.mtgtrade2.mtgtrade2.mtgtrade2.mtgtrade2.mtgtrade2.mtgtrade2.mtgtrade2.mtgtrade2.mtgtrade2.mtgtrade2.mtgtrade2.mtgtrade2.mtgtrade2.mtgtrade2.mtgtrade2.mtgtrade2.mtgtrade2.mtgtrade2.mtgtrade2.mtgtrade2.mtgtrade2.mtgtrade2.mtgtrade2.mtgtrade2.mtgtrade2.mtgtrade2.mtgtrade2.mtgtrade2.mtgtrade2.mtgtrade2.mtgtrade2.mtgtrade2.pyfpdf.template.indexcache (File name too long)",1352749810227
error,log,,,"/home/jason/workspace/TripShare/.metadata/.plugins/org.eclipse.core.resources/.projects/mtgtrade2/com.python.pydev.analysis/indexcache/mtgtrade2.mtgtrade2.mtgtrade2.mtgtrade2.mtgtrade2.mtgtrade2.mtgtrade2.mtgtrade2.mtgtrade2.mtgtrade2.mtgtrade2.mtgtrade2.mtgtrade2.mtgtrade2.mtgtrade2.mtgtrade2.mtgtrade2.mtgtrade2.mtgtrade2.mtgtrade2.mtgtrade2.mtgtrade2.mtgtrade2.mtgtrade2.mtgtrade2.mtgtrade2.mtgtrade2.mtgtrade2.mtgtrade2.mtgtrade2.mtgtrade2.mtgtrade2.mtgtrade2.mtgtrade2.mtgtrade2.pyfpdf.__init__.indexcache (File name too long)",1352749810231
error,log,,,"/home/jason/workspace/TripShare/.metadata/.plugins/org.eclipse.core.resources/.projects/mtgtrade2/com.python.pydev.analysis/indexcache/mtgtrade2.mtgtrade2.mtgtrade2.mtgtrade2.mtgtrade2.mtgtrade2.mtgtrade2.mtgtrade2.mtgtrade2.mtgtrade2.mtgtrade2.mtgtrade2.mtgtrade2.mtgtrade2.mtgtrade2.mtgtrade2.mtgtrade2.mtgtrade2.mtgtrade2.mtgtrade2.mtgtrade2.mtgtrade2.mtgtrade2.mtgtrade2.mtgtrade2.mtgtrade2.mtgtrade2.mtgtrade2.mtgtrade2.mtgtrade2.mtgtrade2.mtgtrade2.mtgtrade2.mtgtrade2.mtgtrade2.pyfpdf.examples.__init__.indexcache (File name too long)",1352749810233
error,log,,,"/home/jason/workspace/TripShare/.metadata/.plugins/org.eclipse.core.resources/.projects/mtgtrade2/com.python.pydev.analysis/indexcache/mtgtrade2.mtgtrade2.mtgtrade2.mtgtrade2.mtgtrade2.mtgtrade2.mtgtrade2.mtgtrade2.mtgtrade2.mtgtrade2.mtgtrade2.mtgtrade2.mtgtrade2.mtgtrade2.mtgtrade2.mtgtrade2.mtgtrade2.mtgtrade2.mtgtrade2.mtgtrade2.mtgtrade2.mtgtrade2.mtgtrade2.mtgtrade2.mtgtrade2.mtgtrade2.mtgtrade2.mtgtrade2.mtgtrade2.mtgtrade2.mtgtrade2.mtgtrade2.mtgtrade2.mtgtrade2.mtgtrade2.pyfpdf.examples.form.indexcache (File name too long)",1352749810235
error,log,,,"/home/jason/workspace/TripShare/.metadata/.plugins/org.eclipse.core.resources/.projects/mtgtrade2/com.python.pydev.analysis/indexcache/mtgtrade2.mtgtrade2.mtgtrade2.mtgtrade2.mtgtrade2.mtgtrade2.mtgtrade2.mtgtrade2.mtgtrade2.mtgtrade2.mtgtrade2.mtgtrade2.mtgtrade2.mtgtrade2.mtgtrade2.mtgtrade2.mtgtrade2.mtgtrade2.mtgtrade2.mtgtrade2.mtgtrade2.mtgtrade2.mtgtrade2.mtgtrade2.mtgtrade2.mtgtrade2.mtgtrade2.mtgtrade2.mtgtrade2.mtgtrade2.mtgtrade2.mtgtrade2.mtgtrade2.mtgtrade2.mtgtrade2.pyfpdf.fpdf.indexcache (File name too long)",1352749810242
error,log,,,"/home/jason/workspace/TripShare/.metadata/.plugins/org.eclipse.core.resources/.projects/mtgtrade2/com.python.pydev.analysis/indexcache/mtgtrade2.mtgtrade2.mtgtrade2.mtgtrade2.mtgtrade2.mtgtrade2.mtgtrade2.mtgtrade2.mtgtrade2.mtgtrade2.mtgtrade2.mtgtrade2.mtgtrade2.mtgtrade2.mtgtrade2.mtgtrade2.mtgtrade2.mtgtrade2.mtgtrade2.mtgtrade2.mtgtrade2.mtgtrade2.mtgtrade2.mtgtrade2.mtgtrade2.mtgtrade2.mtgtrade2.mtgtrade2.mtgtrade2.mtgtrade2.mtgtrade2.mtgtrade2.mtgtrade2.mtgtrade2.mtgtrade2.pyfpdf.html.indexcache (File name too long)",1352749810245
error,log,,,"/home/jason/workspace/TripShare/.metadata/.plugins/org.eclipse.core.resources/.projects/mtgtrade2/com.python.pydev.analysis/indexcache/mtgtrade2.mtgtrade2.mtgtrade2.mtgtrade2.mtgtrade2.mtgtrade2.mtgtrade2.mtgtrade2.mtgtrade2.mtgtrade2.mtgtrade2.mtgtrade2.mtgtrade2.mtgtrade2.mtgtrade2.mtgtrade2.mtgtrade2.mtgtrade2.mtgtrade2.mtgtrade2.mtgtrade2.mtgtrade2.mtgtrade2.mtgtrade2.mtgtrade2.mtgtrade2.mtgtrade2.mtgtrade2.mtgtrade2.mtgtrade2.mtgtrade2.mtgtrade2.mtgtrade2.mtgtrade2.mtgtrade2.pyfpdf.template.indexcache (File name too long)",1352749810248
error,log,,,"/home/jason/workspace/TripShare/.metadata/.plugins/org.eclipse.core.resources/.projects/mtgtrade2/com.python.pydev.analysis/indexcache/mtgtrade2.mtgtrade2.mtgtrade2.mtgtrade2.mtgtrade2.mtgtrade2.mtgtrade2.mtgtrade2.mtgtrade2.mtgtrade2.mtgtrade2.mtgtrade2.mtgtrade2.mtgtrade2.mtgtrade2.mtgtrade2.mtgtrade2.mtgtrade2.mtgtrade2.mtgtrade2.mtgtrade2.mtgtrade2.mtgtrade2.mtgtrade2.mtgtrade2.mtgtrade2.mtgtrade2.mtgtrade2.mtgtrade2.mtgtrade2.mtgtrade2.mtgtrade2.mtgtrade2.mtgtrade2.pyfpdf.__init__.indexcache (File name too long)",1352749810286
error,log,,,"/home/jason/workspace/TripShare/.metadata/.plugins/org.eclipse.core.resources/.projects/mtgtrade2/com.python.pydev.analysis/indexcache/mtgtrade2.mtgtrade2.mtgtrade2.mtgtrade2.mtgtrade2.mtgtrade2.mtgtrade2.mtgtrade2.mtgtrade2.mtgtrade2.mtgtrade2.mtgtrade2.mtgtrade2.mtgtrade2.mtgtrade2.mtgtrade2.mtgtrade2.mtgtrade2.mtgtrade2.mtgtrade2.mtgtrade2.mtgtrade2.mtgtrade2.mtgtrade2.mtgtrade2.mtgtrade2.mtgtrade2.mtgtrade2.mtgtrade2.mtgtrade2.mtgtrade2.mtgtrade2.mtgtrade2.mtgtrade2.pyfpdf.examples.__init__.indexcache (File name too long)",1352749810288
error,log,,,"/home/jason/workspace/TripShare/.metadata/.plugins/org.eclipse.core.resources/.projects/mtgtrade2/com.python.pydev.analysis/indexcache/mtgtrade2.mtgtrade2.mtgtrade2.mtgtrade2.mtgtrade2.mtgtrade2.mtgtrade2.mtgtrade2.mtgtrade2.mtgtrade2.mtgtrade2.mtgtrade2.mtgtrade2.mtgtrade2.mtgtrade2.mtgtrade2.mtgtrade2.mtgtrade2.mtgtrade2.mtgtrade2.mtgtrade2.mtgtrade2.mtgtrade2.mtgtrade2.mtgtrade2.mtgtrade2.mtgtrade2.mtgtrade2.mtgtrade2.mtgtrade2.mtgtrade2.mtgtrade2.mtgtrade2.mtgtrade2.pyfpdf.examples.form.indexcache (File name too long)",1352749810304
error,log,,,"/home/jason/workspace/TripShare/.metadata/.plugins/org.eclipse.core.resources/.projects/mtgtrade2/com.python.pydev.analysis/indexcache/mtgtrade2.mtgtrade2.mtgtrade2.mtgtrade2.mtgtrade2.mtgtrade2.mtgtrade2.mtgtrade2.mtgtrade2.mtgtrade2.mtgtrade2.mtgtrade2.mtgtrade2.mtgtrade2.mtgtrade2.mtgtrade2.mtgtrade2.mtgtrade2.mtgtrade2.mtgtrade2.mtgtrade2.mtgtrade2.mtgtrade2.mtgtrade2.mtgtrade2.mtgtrade2.mtgtrade2.mtgtrade2.mtgtrade2.mtgtrade2.mtgtrade2.mtgtrade2.mtgtrade2.mtgtrade2.pyfpdf.fpdf.indexcache (File name too long)",1352749810310
error,log,,,"/home/jason/workspace/TripShare/.metadata/.plugins/org.eclipse.core.resources/.projects/mtgtrade2/com.python.pydev.analysis/indexcache/mtgtrade2.mtgtrade2.mtgtrade2.mtgtrade2.mtgtrade2.mtgtrade2.mtgtrade2.mtgtrade2.mtgtrade2.mtgtrade2.mtgtrade2.mtgtrade2.mtgtrade2.mtgtrade2.mtgtrade2.mtgtrade2.mtgtrade2.mtgtrade2.mtgtrade2.mtgtrade2.mtgtrade2.mtgtrade2.mtgtrade2.mtgtrade2.mtgtrade2.mtgtrade2.mtgtrade2.mtgtrade2.mtgtrade2.mtgtrade2.mtgtrade2.mtgtrade2.mtgtrade2.mtgtrade2.pyfpdf.html.indexcache (File name too long)",1352749810313
error,log,,,"/home/jason/workspace/TripShare/.metadata/.plugins/org.eclipse.core.resources/.projects/mtgtrade2/com.python.pydev.analysis/indexcache/mtgtrade2.mtgtrade2.mtgtrade2.mtgtrade2.mtgtrade2.mtgtrade2.mtgtrade2.mtgtrade2.mtgtrade2.mtgtrade2.mtgtrade2.mtgtrade2.mtgtrade2.mtgtrade2.mtgtrade2.mtgtrade2.mtgtrade2.mtgtrade2.mtgtrade2.mtgtrade2.mtgtrade2.mtgtrade2.mtgtrade2.mtgtrade2.mtgtrade2.mtgtrade2.mtgtrade2.mtgtrade2.mtgtrade2.mtgtrade2.mtgtrade2.mtgtrade2.mtgtrade2.mtgtrade2.pyfpdf.template.indexcache (File name too long)",1352749810316
error,log,,,"/home/jason/workspace/TripShare/.metadata/.plugins/org.eclipse.core.resources/.projects/mtgtrade2/com.python.pydev.analysis/indexcache/mtgtrade2.mtgtrade2.mtgtrade2.mtgtrade2.mtgtrade2.mtgtrade2.mtgtrade2.mtgtrade2.mtgtrade2.mtgtrade2.mtgtrade2.mtgtrade2.mtgtrade2.mtgtrade2.mtgtrade2.mtgtrade2.mtgtrade2.mtgtrade2.mtgtrade2.mtgtrade2.mtgtrade2.mtgtrade2.mtgtrade2.mtgtrade2.mtgtrade2.mtgtrade2.mtgtrade2.mtgtrade2.mtgtrade2.mtgtrade2.mtgtrade2.mtgtrade2.mtgtrade2.pyfpdf.__init__.indexcache (File name too long)",1352749810318
error,log,,,"/home/jason/workspace/TripShare/.metadata/.plugins/org.eclipse.core.resources/.projects/mtgtrade2/com.python.pydev.analysis/indexcache/mtgtrade2.mtgtrade2.mtgtrade2.mtgtrade2.mtgtrade2.mtgtrade2.mtgtrade2.mtgtrade2.mtgtrade2.mtgtrade2.mtgtrade2.mtgtrade2.mtgtrade2.mtgtrade2.mtgtrade2.mtgtrade2.mtgtrade2.mtgtrade2.mtgtrade2.mtgtrade2.mtgtrade2.mtgtrade2.mtgtrade2.mtgtrade2.mtgtrade2.mtgtrade2.mtgtrade2.mtgtrade2.mtgtrade2.mtgtrade2.mtgtrade2.mtgtrade2.mtgtrade2.pyfpdf.examples.__init__.indexcache (File name too long)",1352749810319
error,log,,,"/home/jason/workspace/TripShare/.metadata/.plugins/org.eclipse.core.resources/.projects/mtgtrade2/com.python.pydev.analysis/indexcache/mtgtrade2.mtgtrade2.mtgtrade2.mtgtrade2.mtgtrade2.mtgtrade2.mtgtrade2.mtgtrade2.mtgtrade2.mtgtrade2.mtgtrade2.mtgtrade2.mtgtrade2.mtgtrade2.mtgtrade2.mtgtrade2.mtgtrade2.mtgtrade2.mtgtrade2.mtgtrade2.mtgtrade2.mtgtrade2.mtgtrade2.mtgtrade2.mtgtrade2.mtgtrade2.mtgtrade2.mtgtrade2.mtgtrade2.mtgtrade2.mtgtrade2.mtgtrade2.mtgtrade2.pyfpdf.examples.form.indexcache (File name too long)",1352749810322
error,log,,,"/home/jason/workspace/TripShare/.metadata/.plugins/org.eclipse.core.resources/.projects/mtgtrade2/com.python.pydev.analysis/indexcache/mtgtrade2.mtgtrade2.mtgtrade2.mtgtrade2.mtgtrade2.mtgtrade2.mtgtrade2.mtgtrade2.mtgtrade2.mtgtrade2.mtgtrade2.mtgtrade2.mtgtrade2.mtgtrade2.mtgtrade2.mtgtrade2.mtgtrade2.mtgtrade2.mtgtrade2.mtgtrade2.mtgtrade2.mtgtrade2.mtgtrade2.mtgtrade2.mtgtrade2.mtgtrade2.mtgtrade2.mtgtrade2.mtgtrade2.mtgtrade2.mtgtrade2.mtgtrade2.mtgtrade2.pyfpdf.fpdf.indexcache (File name too long)",1352749810328
